ts,tag,run,model_banner,head_mb,psram_free_kb,tokens,seconds,tok_per_s,ms_per_tok,ms_input,ms_attn,ms_ffn,ms_ple,ms_head
2026-08-05T18:28:08,ple-Os,1,model: V=32768 D=96 L=6 H=4 F=66 P=128  (mapped 15.6 MB),2.54,4326,200,30.75,6.50,151.6,4.9,32.0,7.8,9.6,97.3
2026-08-05T18:28:43,ple-Os,2,model: V=32768 D=96 L=6 H=4 F=66 P=128  (mapped 15.6 MB),2.54,4326,200,30.87,6.48,152.2,4.9,32.2,7.8,9.6,97.7
2026-08-05T18:29:18,ple-Os,3,model: V=32768 D=96 L=6 H=4 F=66 P=128  (mapped 15.6 MB),2.54,4326,200,30.75,6.50,151.6,4.9,32.0,7.8,9.6,97.3
2026-08-05T18:29:54,ple-Os,4,model: V=32768 D=96 L=6 H=4 F=66 P=128  (mapped 15.6 MB),2.54,4326,200,30.75,6.50,151.6,4.9,32.0,7.8,9.6,97.3
2026-08-05T18:30:29,ple-Os,5,model: V=32768 D=96 L=6 H=4 F=66 P=128  (mapped 15.6 MB),2.54,4326,200,30.87,6.48,152.2,4.9,32.2,7.8,9.6,97.7
2026-08-05T18:43:23,ple-O3,1,model: V=32768 D=96 L=6 H=4 F=66 P=128  (mapped 15.6 MB),2.54,4326,200,21.04,9.51,103.1,4.4,26.2,6.9,8.5,57.1
2026-08-05T18:43:49,ple-O3,2,model: V=32768 D=96 L=6 H=4 F=66 P=128  (mapped 15.6 MB),2.54,4326,200,21.17,9.45,103.8,4.4,26.4,6.9,8.5,57.6
2026-08-05T18:44:14,ple-O3,3,model: V=32768 D=96 L=6 H=4 F=66 P=128  (mapped 15.6 MB),2.54,4326,200,21.17,9.45,103.8,4.4,26.4,6.9,8.5,57.6
2026-08-05T18:44:40,ple-O3,4,model: V=32768 D=96 L=6 H=4 F=66 P=128  (mapped 15.6 MB),2.54,4326,200,21.04,9.51,103.1,4.4,26.2,6.9,8.5,57.1
2026-08-05T18:45:05,ple-O3,5,model: V=32768 D=96 L=6 H=4 F=66 P=128  (mapped 15.6 MB),2.54,4326,200,21.17,9.45,103.8,4.4,26.4,6.9,8.5,57.6
2026-08-05T22:37:28,ple-d32-s0,1,model: V=4096 D=128 L=6 H=4 F=447 P=32  (mapped 15.6 MB),3.35,1723,200,35.19,5.68,173.9,1.5,37.3,55.6,3.2,76.3
2026-08-05T22:38:08,ple-d32-s0,2,model: V=4096 D=128 L=6 H=4 F=447 P=32  (mapped 15.6 MB),3.35,1723,200,35.20,5.68,173.9,1.5,37.3,55.6,3.2,76.3
2026-08-05T22:38:48,ple-d32-s0,3,model: V=4096 D=128 L=6 H=4 F=447 P=32  (mapped 15.6 MB),3.35,1723,200,34.97,5.72,172.8,1.5,37.0,55.6,3.2,75.5
2026-08-05T22:39:28,ple-d32-s0,4,model: V=4096 D=128 L=6 H=4 F=447 P=32  (mapped 15.6 MB),3.35,1723,200,35.19,5.68,173.9,1.5,37.3,55.6,3.2,76.3
2026-08-05T22:40:07,ple-d32-s0,5,model: V=4096 D=128 L=6 H=4 F=447 P=32  (mapped 15.6 MB),3.35,1723,200,35.19,5.68,173.9,1.5,37.3,55.6,3.2,76.3
2026-08-05T22:41:15,ple-d64-s0,1,model: V=4096 D=128 L=6 H=4 F=415 P=64  (mapped 15.6 MB),3.35,1721,200,34.82,5.74,172.0,2.9,35.8,51.7,5.8,75.8
2026-08-05T22:41:54,ple-d64-s0,2,model: V=4096 D=128 L=6 H=4 F=415 P=64  (mapped 15.6 MB),3.35,1721,200,34.62,5.78,171.0,2.9,35.5,51.7,5.8,75.2
2026-08-05T22:42:33,ple-d64-s0,3,model: V=4096 D=128 L=6 H=4 F=415 P=64  (mapped 15.6 MB),3.35,1721,200,34.82,5.74,172.0,2.9,35.8,51.7,5.8,75.8
2026-08-05T22:43:13,ple-d64-s0,4,model: V=4096 D=128 L=6 H=4 F=415 P=64  (mapped 15.6 MB),3.35,1721,200,34.62,5.78,171.0,2.9,35.5,51.7,5.8,75.2
2026-08-05T22:43:52,ple-d64-s0,5,model: V=4096 D=128 L=6 H=4 F=415 P=64  (mapped 15.6 MB),3.35,1721,200,34.62,5.78,171.0,2.9,35.5,51.7,5.8,75.2
2026-08-05T22:45:10,ple-d128-s0,1,model: V=4096 D=128 L=6 H=4 F=351 P=128  (mapped 15.6 MB),3.35,1717,200,34.76,5.75,171.7,5.6,35.7,43.6,10.8,76.0
2026-08-05T22:45:50,ple-d128-s0,2,model: V=4096 D=128 L=6 H=4 F=351 P=128  (mapped 15.6 MB),3.35,1717,200,34.75,5.76,171.7,5.6,35.7,43.6,10.8,76.0
2026-08-05T22:46:29,ple-d128-s0,3,model: V=4096 D=128 L=6 H=4 F=351 P=128  (mapped 15.6 MB),3.35,1717,200,34.50,5.80,170.4,5.6,35.4,43.6,10.8,75.0
2026-08-05T22:47:08,ple-d128-s0,4,model: V=4096 D=128 L=6 H=4 F=351 P=128  (mapped 15.6 MB),3.35,1717,200,34.75,5.76,171.7,5.6,35.7,43.6,10.8,76.0
2026-08-05T22:47:47,ple-d128-s0,5,model: V=4096 D=128 L=6 H=4 F=351 P=128  (mapped 15.6 MB),3.35,1717,200,34.75,5.76,171.7,5.6,35.7,43.6,10.8,76.0
2026-08-05T22:49:28,ple-d256-s0,1,model: V=4096 D=128 L=6 H=4 F=223 P=256  (mapped 15.6 MB),3.35,1709,200,34.59,5.78,170.9,11.0,35.5,27.9,21.4,75.0
2026-08-05T22:50:07,ple-d256-s0,2,model: V=4096 D=128 L=6 H=4 F=223 P=256  (mapped 15.6 MB),3.35,1709,200,34.59,5.78,170.9,11.0,35.5,27.9,21.4,75.0
2026-08-05T22:50:47,ple-d256-s0,3,model: V=4096 D=128 L=6 H=4 F=223 P=256  (mapped 15.6 MB),3.35,1709,200,34.85,5.74,172.1,11.0,35.8,27.9,21.4,76.0
2026-08-05T22:51:26,ple-d256-s0,4,model: V=4096 D=128 L=6 H=4 F=223 P=256  (mapped 15.6 MB),3.35,1709,200,34.59,5.78,170.9,11.0,35.5,27.9,21.4,75.0
2026-08-05T22:52:05,ple-d256-s0,5,model: V=4096 D=128 L=6 H=4 F=223 P=256  (mapped 15.6 MB),3.35,1709,200,34.85,5.74,172.1,11.0,35.8,27.9,21.4,76.0
2026-08-06T00:04:13,ple-c1M-s0,1,model: V=4096 D=128 L=6 H=4 F=198 P=64  (mapped 15.6 MB),3.35,1724,200,29.77,6.72,146.7,2.9,37.0,24.8,5.7,76.3
2026-08-06T00:04:47,ple-c1M-s0,2,model: V=4096 D=128 L=6 H=4 F=198 P=64  (mapped 15.6 MB),3.35,1724,200,29.77,6.72,146.7,2.9,37.0,24.8,5.7,76.3
2026-08-06T00:05:21,ple-c1M-s0,3,model: V=4096 D=128 L=6 H=4 F=198 P=64  (mapped 15.6 MB),3.35,1724,200,29.54,6.77,145.6,2.9,36.7,24.8,5.7,75.5
2026-08-06T00:05:56,ple-c1M-s0,4,model: V=4096 D=128 L=6 H=4 F=198 P=64  (mapped 15.6 MB),3.35,1724,200,29.54,6.77,145.6,2.9,36.7,24.8,5.7,75.5
2026-08-06T00:06:30,ple-c1M-s0,5,model: V=4096 D=128 L=6 H=4 F=198 P=64  (mapped 15.6 MB),3.35,1724,200,29.54,6.77,145.6,2.9,36.7,24.8,5.7,75.5
2026-08-06T00:07:46,ple-c2M-s0,1,model: V=4096 D=128 L=6 H=4 F=632 P=64  (mapped 15.6 MB),3.35,1718,200,40.14,4.98,198.6,2.9,35.6,78.3,5.7,76.0
2026-08-06T00:08:31,ple-c2M-s0,2,model: V=4096 D=128 L=6 H=4 F=632 P=64  (mapped 15.6 MB),3.35,1718,200,40.13,4.98,198.6,2.9,35.6,78.3,5.7,76.0
2026-08-06T00:09:16,ple-c2M-s0,3,model: V=4096 D=128 L=6 H=4 F=632 P=64  (mapped 15.6 MB),3.35,1718,200,40.13,4.98,198.6,2.9,35.6,78.3,5.7,76.0
2026-08-06T00:10:01,ple-c2M-s0,4,model: V=4096 D=128 L=6 H=4 F=632 P=64  (mapped 15.6 MB),3.35,1718,200,40.14,4.98,198.6,2.9,35.6,78.3,5.7,76.0
2026-08-06T00:10:45,ple-c2M-s0,5,model: V=4096 D=128 L=6 H=4 F=632 P=64  (mapped 15.6 MB),3.35,1718,200,39.88,5.02,197.3,2.9,35.4,78.3,5.7,75.0
2026-08-06T00:12:20,ple-c3M-s0,1,model: V=4096 D=128 L=6 H=4 F=1066 P=64  (mapped 15.6 MB),3.35,1713,200,50.98,3.92,252.8,2.9,35.7,132.5,5.7,76.0
2026-08-06T00:13:16,ple-c3M-s0,2,model: V=4096 D=128 L=6 H=4 F=1066 P=64  (mapped 15.6 MB),3.35,1713,200,50.98,3.92,252.8,2.9,35.7,132.5,5.7,76.0
2026-08-06T00:14:12,ple-c3M-s0,3,model: V=4096 D=128 L=6 H=4 F=1066 P=64  (mapped 15.6 MB),3.35,1713,200,50.98,3.92,252.8,2.9,35.7,132.5,5.7,76.0
2026-08-06T00:15:08,ple-c3M-s0,4,model: V=4096 D=128 L=6 H=4 F=1066 P=64  (mapped 15.6 MB),3.35,1713,200,50.98,3.92,252.8,2.9,35.7,132.5,5.7,76.0
2026-08-06T00:16:03,ple-c3M-s0,5,model: V=4096 D=128 L=6 H=4 F=1066 P=64  (mapped 15.6 MB),3.35,1713,200,50.71,3.94,251.5,2.9,35.4,132.4,5.7,75.0
2026-08-06T00:17:05,ple-L4-s0,1,model: V=4096 D=128 L=4 H=4 F=740 P=64  (mapped 15.6 MB),3.35,2743,200,33.56,5.96,165.7,2.0,23.7,61.2,3.8,75.0
2026-08-06T00:17:44,ple-L4-s0,2,model: V=4096 D=128 L=4 H=4 F=740 P=64  (mapped 15.6 MB),3.35,2743,200,33.81,5.92,166.9,2.0,23.9,61.2,3.8,76.0
2026-08-06T00:18:22,ple-L4-s0,3,model: V=4096 D=128 L=4 H=4 F=740 P=64  (mapped 15.6 MB),3.35,2743,200,33.81,5.92,166.9,2.0,23.9,61.2,3.8,76.0
2026-08-06T00:19:01,ple-L4-s0,4,model: V=4096 D=128 L=4 H=4 F=740 P=64  (mapped 15.6 MB),3.35,2743,200,33.80,5.92,166.9,2.0,23.9,61.2,3.8,76.0
2026-08-06T00:19:39,ple-L4-s0,5,model: V=4096 D=128 L=4 H=4 F=740 P=64  (mapped 15.6 MB),3.35,2743,200,33.56,5.96,165.7,2.0,23.7,61.2,3.8,75.0
2026-08-06T00:20:51,ple-L8-s0,1,model: V=4096 D=128 L=8 H=4 F=252 P=64  (mapped 15.6 MB),3.35,633,200,35.75,5.59,176.7,3.8,47.5,41.7,7.7,76.0
2026-08-06T00:21:31,ple-L8-s0,2,model: V=4096 D=128 L=8 H=4 F=252 P=64  (mapped 15.6 MB),3.35,633,200,35.75,5.59,176.7,3.8,47.5,41.7,7.7,76.0
2026-08-06T00:22:11,ple-L8-s0,3,model: V=4096 D=128 L=8 H=4 F=252 P=64  (mapped 15.6 MB),3.35,633,200,35.48,5.64,175.3,3.8,47.1,41.7,7.7,75.0
2026-08-06T00:22:52,ple-L8-s0,4,model: V=4096 D=128 L=8 H=4 F=252 P=64  (mapped 15.6 MB),3.35,633,200,35.75,5.59,176.6,3.8,47.5,41.7,7.7,76.0
2026-08-06T00:23:32,ple-L8-s0,5,model: V=4096 D=128 L=8 H=4 F=252 P=64  (mapped 15.6 MB),3.35,633,200,35.48,5.64,175.3,3.8,47.1,41.7,7.7,75.0
2026-08-06T00:24:34,ple-D96-s0,1,model: V=4096 D=96 L=6 H=4 F=674 P=64  (mapped 15.6 MB),2.54,3255,200,30.80,6.49,151.9,2.3,23.4,64.6,4.4,57.2
2026-08-06T00:25:10,ple-D96-s0,2,model: V=4096 D=96 L=6 H=4 F=674 P=64  (mapped 15.6 MB),2.54,3255,200,30.80,6.49,151.9,2.3,23.4,64.6,4.4,57.2
2026-08-06T00:25:45,ple-D96-s0,3,model: V=4096 D=96 L=6 H=4 F=674 P=64  (mapped 15.6 MB),2.54,3255,200,30.80,6.49,151.9,2.3,23.4,64.6,4.4,57.2
2026-08-06T00:26:21,ple-D96-s0,4,model: V=4096 D=96 L=6 H=4 F=674 P=64  (mapped 15.6 MB),2.54,3255,200,30.95,6.46,152.6,2.3,23.6,64.7,4.4,57.7
2026-08-06T00:26:56,ple-D96-s0,5,model: V=4096 D=96 L=6 H=4 F=674 P=64  (mapped 15.6 MB),2.54,3255,200,30.95,6.46,152.6,2.3,23.6,64.7,4.4,57.7
2026-08-06T00:31:28,ple-D160-s0,1,model: V=4096 D=160 L=6 H=4 F=242 P=64  (mapped 15.6 MB),4.16,186,,,,,,,,,
2026-08-06T00:35:30,ple-D160-s0,2,model: V=4096 D=160 L=6 H=4 F=242 P=64  (mapped 15.6 MB),4.16,186,,,,,,,,,
2026-08-06T00:39:34,ple-D160-s0,3,model: V=4096 D=160 L=6 H=4 F=242 P=64  (mapped 15.6 MB),4.16,186,,,,,,,,,
2026-08-06T00:43:36,ple-D160-s0,4,model: V=4096 D=160 L=6 H=4 F=242 P=64  (mapped 15.6 MB),4.16,186,,,,,,,,,
2026-08-06T00:47:39,ple-D160-s0,5,model: V=4096 D=160 L=6 H=4 F=242 P=64  (mapped 15.6 MB),4.16,186,,,,,,,,,
2026-08-06T08:58:21,ple-dom-shakes-s0,1,model: V=4096 D=128 L=6 H=4 F=415 P=64  (mapped 15.6 MB),3.35,1721,200,34.62,5.78,171.0,2.9,35.5,51.7,5.8,75.2
2026-08-06T08:59:01,ple-dom-shakes-s0,2,model: V=4096 D=128 L=6 H=4 F=415 P=64  (mapped 15.6 MB),3.35,1721,200,34.81,5.74,172.0,2.9,35.8,51.7,5.8,75.8
2026-08-06T08:59:40,ple-dom-shakes-s0,3,model: V=4096 D=128 L=6 H=4 F=415 P=64  (mapped 15.6 MB),3.35,1721,200,34.81,5.74,172.0,2.9,35.8,51.7,5.8,75.8
2026-08-06T09:00:20,ple-dom-shakes-s0,4,model: V=4096 D=128 L=6 H=4 F=415 P=64  (mapped 15.6 MB),3.35,1721,200,34.81,5.74,172.0,2.9,35.8,51.7,5.8,75.8
2026-08-06T09:00:59,ple-dom-shakes-s0,5,model: V=4096 D=128 L=6 H=4 F=415 P=64  (mapped 15.6 MB),3.35,1721,200,34.81,5.74,172.0,2.9,35.8,51.7,5.8,75.8
2026-08-06T09:02:06,ple-dom-industrial-s0,1,model: V=4096 D=128 L=6 H=4 F=415 P=64  (mapped 15.6 MB),3.35,1721,200,34.81,5.75,172.0,2.9,35.8,51.7,5.8,75.8
2026-08-06T09:02:45,ple-dom-industrial-s0,2,model: V=4096 D=128 L=6 H=4 F=415 P=64  (mapped 15.6 MB),3.35,1721,200,34.81,5.75,171.9,2.9,35.8,51.7,5.8,75.8
2026-08-06T09:03:25,ple-dom-industrial-s0,3,model: V=4096 D=128 L=6 H=4 F=415 P=64  (mapped 15.6 MB),3.35,1721,200,34.81,5.75,171.9,2.9,35.8,51.7,5.8,75.8
2026-08-06T09:04:04,ple-dom-industrial-s0,4,model: V=4096 D=128 L=6 H=4 F=415 P=64  (mapped 15.6 MB),3.35,1721,200,34.61,5.78,171.0,2.9,35.5,51.7,5.8,75.2
2026-08-06T09:04:43,ple-dom-industrial-s0,5,model: V=4096 D=128 L=6 H=4 F=415 P=64  (mapped 15.6 MB),3.35,1721,200,34.81,5.75,171.9,2.9,35.8,51.7,5.8,75.8
2026-08-06T10:45:41,ple-d32-s0-v2,1,model: V=4096 D=128 L=6 H=4 F=447 P=32  (mapped 15.6 MB),3.35,1723,200,35.48,5.64,176.9,1.5,35.9,55.6,3.2,80.7
2026-08-06T10:46:21,ple-d32-s0-v2,2,model: V=4096 D=128 L=6 H=4 F=447 P=32  (mapped 15.6 MB),3.35,1723,200,35.48,5.64,176.9,1.5,35.9,55.6,3.2,80.7
2026-08-06T10:47:01,ple-d32-s0-v2,3,model: V=4096 D=128 L=6 H=4 F=447 P=32  (mapped 15.6 MB),3.35,1723,200,35.68,5.61,177.9,1.5,35.6,55.6,3.2,82.0
2026-08-06T10:47:42,ple-d32-s0-v2,4,model: V=4096 D=128 L=6 H=4 F=447 P=32  (mapped 15.6 MB),3.35,1723,200,35.68,5.61,177.9,1.5,35.6,55.6,3.2,82.0
2026-08-06T10:48:22,ple-d32-s0-v2,5,model: V=4096 D=128 L=6 H=4 F=447 P=32  (mapped 15.6 MB),3.35,1723,200,35.68,5.61,177.9,1.5,35.6,55.6,3.2,82.0
2026-08-06T10:49:30,ple-d64-s0-v2,1,model: V=4096 D=128 L=6 H=4 F=415 P=64  (mapped 15.6 MB),3.35,1721,200,36.03,5.55,179.6,2.9,36.9,51.7,5.8,82.4
2026-08-06T10:50:11,ple-d64-s0-v2,2,model: V=4096 D=128 L=6 H=4 F=415 P=64  (mapped 15.6 MB),3.35,1721,200,35.82,5.58,178.6,2.9,37.2,51.7,5.8,81.1
2026-08-06T10:50:51,ple-d64-s0-v2,3,model: V=4096 D=128 L=6 H=4 F=415 P=64  (mapped 15.6 MB),3.35,1721,200,35.82,5.58,178.6,2.9,37.2,51.7,5.8,81.1
2026-08-06T10:51:32,ple-d64-s0-v2,4,model: V=4096 D=128 L=6 H=4 F=415 P=64  (mapped 15.6 MB),3.35,1721,200,36.03,5.55,179.6,2.9,36.9,51.7,5.8,82.4
2026-08-06T10:52:13,ple-d64-s0-v2,5,model: V=4096 D=128 L=6 H=4 F=415 P=64  (mapped 15.6 MB),3.35,1721,200,35.82,5.58,178.6,2.9,37.2,51.7,5.8,81.1
2026-08-06T10:57:32,sanity,1,model: V=4096 D=128 L=6 H=4 F=447 P=32  (mapped 15.6 MB),0.54,4478,200,22.94,8.72,114.2,1.5,38.8,57.4,3.2,13.3
2026-08-06T10:57:59,sanity,2,model: V=4096 D=128 L=6 H=4 F=447 P=32  (mapped 15.6 MB),0.54,4478,200,22.94,8.72,114.2,1.5,39.1,57.4,3.2,13.0
